name,link
prosoitos,https://github.com/prosoitos
tibbles-and-tribbles,https://github.com/tibbles-and-tribbles
florisvdh,https://github.com/florisvdh
babayoshihiko,https://github.com/babayoshihiko
katygregg,https://github.com/katygregg
Lvulis,https://github.com/Lvulis
rsbivand,https://github.com/rsbivand
iod-ine,https://github.com/iod-ine
KiranmayiV,https://github.com/KiranmayiV
defuneste,https://github.com/defuneste
cuixueqin,https://github.com/cuixueqin
smkerr,https://github.com/smkerr
zmbc,https://github.com/zmbc
marcosci,https://github.com/marcosci
darrellcarvalho,https://github.com/darrellcarvalho
dcooley,https://github.com/dcooley
apps/copilot-swe-agent,https://github.com/apps/copilot-swe-agent
cortinah,https://github.com/cortinah
FlorentBedecarratsNM,https://github.com/FlorentBedecarratsNM
erstearns,https://github.com/erstearns
appelmar,https://github.com/appelmar
MikeJohnPage,https://github.com/MikeJohnPage
eyesofbambi,https://github.com/eyesofbambi
krystof236,https://github.com/krystof236
eblondel,https://github.com/eblondel
tylerlittlefield,https://github.com/tylerlittlefield
nickbearman,https://github.com/nickbearman
edzer,https://github.com/edzer
pat-s,https://github.com/pat-s
mdsumner,https://github.com/mdsumner
MarHer90,https://github.com/MarHer90
LaurieLBaker,https://github.com/LaurieLBaker
KHwong12,https://github.com/KHwong12
giocomai,https://github.com/giocomai
mvl22,https://github.com/mvl22
ganes1410,https://github.com/ganes1410
richfitz,https://github.com/richfitz
VLucet,https://github.com/VLucet
wdearden,https://github.com/wdearden
yihui,https://github.com/yihui
adambhouston,https://github.com/adambhouston
chihinl,https://github.com/chihinl
cshancock,https://github.com/cshancock
e-linc,https://github.com/e-linc
ec-nebi,https://github.com/ec-nebi
gregor-d,https://github.com/gregor-d
jacobvjk,https://github.com/jacobvjk
jasongrahn,https://github.com/jasongrahn
pokyah,https://github.com/pokyah
schuetzingit,https://github.com/schuetzingit
tim-salabim,https://github.com/tim-salabim
tszberkowitz,https://github.com/tszberkowitz
vlarmet,https://github.com/vlarmet
ahmohil,https://github.com/ahmohil
ateucher,https://github.com/ateucher
annakrystalli,https://github.com/annakrystalli
arunkhattri,https://github.com/arunkhattri
andtheWings,https://github.com/andtheWings
kant,https://github.com/kant
gavinsimpson,https://github.com/gavinsimpson
Himanshuteli,https://github.com/Himanshuteli
yutannihilation,https://github.com/yutannihilation
howardbaik,https://github.com/howardbaik
jimr1603,https://github.com/jimr1603
jbixon13,https://github.com/jbixon13
jkennedyie,https://github.com/jkennedyie
olyerickson,https://github.com/olyerickson
yvkschaefer,https://github.com/yvkschaefer
katiejolly,https://github.com/katiejolly
kwhkim,https://github.com/kwhkim
layik,https://github.com/layik
mpaulacaldas,https://github.com/mpaulacaldas
mtennekes,https://github.com/mtennekes
